SET SEARCH_PATH = 'final_project';
INSERT INTO restaurant(restaurantid, name, type, url)
VALUES (1, 'Biggersons', 'Burger', 'www.Biggersons.com'),
(2, 'FoodPlace', 'Misc', 'www.FoodPlace.com'),
(3, 'Shawns Salad', 'Health', 'www.Shawns_salad.com'),
(4, 'Pierres Poutine', 'Canadian', 'www.Pierres_Poutine.com'),
(5, 'Make You Fat', 'Burger', 'www.Make_You_fat.com'),
(6, 'The Baked Baker', 'Bakery', 'www.The_Baked_Baker.com'),
(7, 'That Taco Guy', 'Mexican', 'www.That_Taco_Guy.com'),
(8, 'BurgersNBooze', 'Burger', 'BurgersNBooze.com'),
(9, 'Coffee Store', 'Coffee', 'www.Coffee_Store.com'),
(10, 'Beer Bourbon and Beyond', 'Burger', 'www.Beer_Bourbon_and_Beyond.com'),
(11, 'ParkNDine', 'Chinese', 'www.ParkNDine.com'),
(12, 'Eddies Wok N Roll', 'Chinese', 'www.Eddies_Wok_N_Roll.com');
INSERT INTO rater(userid, password, email, name, join_date, type)
VALUES ('John', 'password', 'john@website.com', 'John', '2010-08-08', 'online'),
('Paul', 'password', 'paul@website.com', 'Paul', '2010-12-04', 'online'),
('Jane', 'password', 'jane@website.com', 'Jane', '2010-10-10', 'food critic'),
('Ann', 'password', 'ann@website.com', 'Ann', '2010-11-22', 'blog'),
('Joe', 'password', 'joe@website.com', 'Joe', '2010-04-04', 'food critic'),
('Johnathan', 'password', 'johnathan@website.com', 'John', '2010-08-08', 'online'),
('Mike', 'password', 'mike@website.com', 'Mike', '2010-12-04', 'blog'),
('Potate', 'password', 'potate@website.com', 'Pierre', '2010-12-10', 'blog'),
('Mark', 'password', 'mark@website.com', 'Mark', '2010-10-31', 'food critic'),
('Sue', 'password', 'sue@website.com', 'Sue', '2010-04-05', 'blog'),
('Paulo', 'password', 'paulo@website.com', 'Paulo', '2010-09-09', 'blog'),
('Clyde', 'password', 'clyde@website.com', 'Clyde', '2010-12-11', 'online'),
('Nancy', 'password', 'nancy@website.com', 'Nancy', '2010-01-01', 'online'),
('Dave', 'password', 'dave@website.com', 'Dave', '2010-11-30', 'food critic'),
('Bob', 'password', 'bob@website.com', 'Bob', '2010-04-06', 'food critic');
INSERT INTO hours(hoursid,weekDayOpen,weekDayClose,weekendOpen,weekendClose)
VALUES (1, '8:00:00', '23:00:00', '9:00:00', '1:00:00'),
(2, '8:00:00', '23:00:00', '9:00:00', '1:00:00'),
(3, '8:00:00', '23:00:00', '9:00:00', '1:00:00'),
(4, '8:00:00', '23:00:00', '9:00:00', '1:00:00'),
(5, '8:00:00', '23:00:00', '9:00:00', '1:00:00'),
(6, '8:00:00', '23:00:00', '9:00:00', '1:00:00'),
(7, '8:00:00', '23:00:00', '9:00:00', '1:00:00'),
(8, '8:00:00', '23:00:00', '9:00:00', '1:00:00'),
(9, '8:00:00', '23:00:00', '9:00:00', '1:00:00'),
(10, '8:00:00', '23:00:00', '9:00:00', '1:00:00'),
(11, '8:00:00', '23:00:00', '10:00:00', '23:00:00'),
(12, '8:00:00', '23:00:00', '10:00:00', '23:00:00'),
(13, '8:00:00', '23:00:00', '9:00:00', '1:00:00'),
(14, '8:00:00', '23:00:00', '9:00:00', '1:00:00');
INSERT INTO location(locationid, first_open_date, manager_name, phone_number, street_address, hoursid, restaurantid)
VALUES(1,'2002-03-04', 'Jim Jones', '613-000-0001', '1 Street St', 1, 1),
(2, '2005-05-12', 'Tom Petty', '613-000-0002', '2 Street St', 2, 2),
(3, '2004-02-22', 'Jane Smith', '613-000-0003', '3 Street St', 3, 3),
(4, '2010-08-14', 'Geddy Lee', '613-000-0004', '4 Street St', 4, 4),
(5, '2008-11-09', 'Jimmy Page', '613-000-0005', '5 Street St', 5, 5),
(6, '2001-09-09', 'Roger Waters', '613-000-0006', '6 Street St', 6, 6),
(7, '2003-07-11', 'David Gilmour', '613-000-0007', '7 Street St', 7, 7),
(8, '2010-11-11', 'Randy Rhodes', '613-000-0008', '8 Street St', 8, 8),
(9, '2010-09-08', 'Steve Miller', '613-000-0009', '9 Street St', 9, 9),
(10, '2003-04-05', 'Lars Ulrich', '613-000-0010', '10 Street St', 10, 10),
(11, '2010-12-20', 'Dave Mustaine', '613-000-0011', '11 Street St', 11, 11),
(12, '2010-12-11', 'Eddie Van Halen', '613-000-0012', '12 Street St', 12, 12),
(13, '2010-10-10', 'Peter Gabriel', '613-000-0013', '13 Street St', 13, 1),
(14, '2002-05-21', 'Steven Tyler', '613-000-0014', '14 Street St', 14, 5);
INSERT INTO menuitem(itemid, restaurantid, name, type, category, description, price)
VALUES (1, 7, 'Burrito', 'food', 'main', 'words', 8.99),
(2, 5, 'BBQ Chicken', 'food', 'main', 'words', 8.99),
(3, 1, 'Rib Sandwich', 'food', 'main', 'words', 10.99),
(4, 2, 'turkey stirfry', 'food', 'main', 'words', 10.99),
(5, 6, 'banana bread', 'food', 'dessert', 'words', 2.75),
(6, 2, 'scrambled eggs', 'food', 'starter', 'words', 5),
(7, 8, 'south west burger', 'food', 'main', 'words', 10.99),
(8, 10, 'blue cheese burger', 'food', 'main', 'words', 11.99),
(9, 11, 'lemon chicken', 'food', 'main', 'words', 8.99),
(10, 5, 'bacon cheese burger', 'food', 'main', 'words', 11.99),
(11, 1, 'burger', 'food', 'main', 'words', 9.99),
(12, 12, 'teryaki chicken', 'food', 'main', 'words', 8.99),
(13, 12, 'calamari', 'food', 'starter', 'words', 5.99),
(14, 11, 'honey garlic ribs', 'food', 'starter', 'words', 5.99),
(15, 2, 'wings', 'food', 'starter', 'words', 8.99),
(16, 4, 'pulled pork poutine', 'food', 'main', 'words', 12.75),
(17, 4, 'poutine', 'food', 'starter', 'words', 10),
(18, 3, 'caesar salad', 'food', 'starter', 'words', 7.99),
(19, 3, 'garden salad', 'food', 'starter', 'words', 7.99),
(20, 3, 'greek salad', 'food', 'starter', 'words', 7.99),
(21, 3, 'chicken southwest salad', 'food', 'starter', 'words', 7.99),
(22, 10, 'bison burger', 'food', 'starter', 'words', 11.99),
(23, 8, 'BLT', 'food', 'main', 'words', 8.99),
(24, 7, 'BBQ wrap', 'food', 'main', 'words', 8.99),
(25, 2, 'sirloin steak', 'food', 'main', 'words', 16.99),
(26, 5, 'smoked meat sandwich', 'food', 'main', 'words', 10.99),
(27, 1, 'fish and chips', 'food', 'main', 'words', 10.99),
(28, 12, 'schzsuan chicken', 'food', 'main', 'words', 8.99),
(29, 11, 'orange chicken', 'food', 'main', 'words', 8.99),
(30, 10, 'rail drinks', 'beverage', 'main', 'words', 3.25),
(31, 8, 'Drafts on tap', 'beverage', 'main', 'words', 7),
(32, 2, 'soft drink', 'beverage', 'main', 'words', 1.5),
(33, 10, 'wine', 'beverage', 'main', 'words', 12),
(34, 8, 'drafts', 'beverage', 'main', 'words', 12),
(35, 4, 'chicken poutine', 'food', 'main', 'words', 12.75),
(36, 9, 'coffee', 'beverage', 'starter', 'words', 1.25),
(37, 9, 'tea', 'beverage', 'starter', 'words', 1.25),
(38, 6, 'muffin', 'food', 'dessert', 'words', 1.25),
(39, 6, 'cake', 'food', 'dessert', 'words', 2.75),
(40, 6, 'cookie', 'food', 'dessert', 'words', 1);
INSERT INTO ratingitem(userid,post_date,itemid,rating,comment)
VALUES ('John', '2010-06-01',3,5, 'words'),
('Paul', '2011-06-21',11,4, 'words'),
('Jane', '2012-01-12',27,4, 'words'),
('Ann', '2013-09-01',3,1, 'words'),
('Joe', '2014-01-18',11,4, 'words'),
('Johnathan', '2015-01-01',27,3, 'words'),
('Mike', '2010-02-21',3,3, 'words'),
('Potate', '2011-10-27',11,5, 'words'),
('Mark', '2012-06-14',4,5, 'words'),
('Sue', '2013-09-03',6,3, 'words'),
('Paulo', '2014-09-04',15,2, 'words'),
('Clyde', '2015-01-11',32,1, 'words'),
('Nancy', '2010-11-20',4,3, 'words'),
('Dave', '2011-03-19',6,4, 'words'),
('Bob', '2012-03-04',15,1, 'words'),
('John', '2013-02-17',32,1, 'words'),
('Paul', '2014-07-22',18,5, 'words'),
('Jane', '2015-08-03',19,4, 'words'),
('Ann', '2010-02-02',20,4, 'words'),
('Joe', '2011-04-08',21,1, 'words'),
('Johnathan', '2012-05-27',18,1, 'words'),
('Mike', '2013-04-05',19,1, 'words'),
('Potate', '2014-01-02',20,1, 'words'),
('Mark', '2015-09-13',21,2, 'words'),
('Sue', '2010-08-17',16,1, 'words'),
('Paulo', '2011-05-19',17,3, 'words'),
('Clyde', '2012-03-09',35,1, 'words'),
('Nancy', '2013-03-07',16,4, 'words'),
('Dave', '2014-05-09',17,1, 'words'),
('Bob', '2015-01-29',35,3, 'words'),
('John', '2010-10-09',16,1, 'words'),
('Paul', '2011-05-05',17,4, 'words'),
('Jane', '2012-05-22',2,5, 'words'),
('Ann', '2013-06-22',10,5, 'words'),
('Joe', '2014-06-23',26,2, 'words'),
('Johnathan', '2015-04-05',2,4, 'words'),
('Mike', '2010-01-24',10,4, 'words'),
('Potate', '2011-01-18',26,1, 'words'),
('Mark', '2012-09-27',2,5, 'words'),
('Sue', '2013-08-08',10,4, 'words'),
('Paulo', '2014-05-08',5,5, 'words'),
('Clyde', '2015-01-17',38,1, 'words'),
('Nancy', '2010-02-14',39,4, 'words'),
('Dave', '2011-10-19',40,1, 'words'),
('Bob', '2012-01-06',5,5, 'words'),
('John', '2013-03-03',38,2, 'words'),
('Paul', '2014-09-26',39,3, 'words'),
('Jane', '2015-02-17',40,1, 'words'),
('Ann', '2010-03-21',1,4, 'words'),
('Joe', '2011-01-17',24,5, 'words'),
('Johnathan', '2012-09-01',1,3, 'words'),
('Mike', '2013-11-22',24,5, 'words'),
('Potate', '2014-07-14',1,3, 'words'),
('Mark', '2015-06-24',24,5, 'words'),
('Sue', '2010-03-02',1,3, 'words'),
('Paulo', '2011-08-11',24,1, 'words'),
('Clyde', '2012-04-28',7,5, 'words'),
('Nancy', '2013-03-11',23,1, 'words'),
('Dave', '2014-07-27',31,1, 'words'),
('Bob', '2015-01-16',34,5, 'words'),
('John', '2010-01-14',7,4, 'words'),
('Paul', '2011-02-28',23,3, 'words'),
('Jane', '2012-01-01',31,4, 'words'),
('Ann', '2013-02-16',34,3, 'words'),
('Joe', '2014-05-23',36,1, 'words'),
('Johnathan', '2015-10-28',37,4, 'words'),
('Mike', '2010-08-02',36,3, 'words'),
('Potate', '2011-07-06',37,1, 'words'),
('Mark', '2012-06-01',36,2, 'words'),
('Sue', '2013-10-27',37,3, 'words'),
('Paulo', '2014-06-01',36,3, 'words'),
('Clyde', '2015-02-14',37,4, 'words'),
('Nancy', '2010-05-25',8,4, 'words'),
('Dave', '2011-02-06',22,1, 'words'),
('Bob', '2012-10-17',30,5, 'words'),
('John', '2013-01-16',33,4, 'words'),
('Paul', '2014-04-13',8,4, 'words'),
('Jane', '2015-06-03',22,3, 'words'),
('Ann', '2010-07-23',30,3, 'words'),
('Joe', '2011-10-20',33,3, 'words'),
('Johnathan', '2012-11-15',9,2, 'words'),
('Mike', '2013-04-11',14,3, 'words'),
('Potate', '2014-04-11',29,5, 'words'),
('Mark', '2015-10-07',9,2, 'words'),
('Sue', '2010-10-12',14,4, 'words'),
('Paulo', '2011-10-23',29,1, 'words'),
('Clyde', '2012-05-19',9,3, 'words'),
('Nancy', '2013-04-14',14,1, 'words'),
('Dave', '2014-09-06',12,4, 'words'),
('Bob', '2015-04-10',13,3, 'words'),
('John', '2010-05-02',28,1, 'words'),
('Paul', '2011-07-17',12,1, 'words'),
('Jane', '2012-05-08',13,4, 'words'),
('Ann', '2013-06-10',28,2, 'words'),
('Joe', '2014-01-08',12,2, 'words'),
('Johnathan', '2015-05-10',13,5, 'words');
INSERT INTO rating(userid,post_date,restaurantid,price_rating,food_rating,mood_rating,staff_rating,comment)
VALUES ('John', '2010-06-01', 1, 4, 5, 3, 1 ,'So GOOD!'),
('Paul', '2011-06-21', 1, 1, 4, 5, 1, 'Not to Shabby'),
('Jane', '2012-01-12', 1, 1, 4, 4, 3, 'Had better'),
('Ann', '2013-09-01', 1, 4, 1, 3, 3, 'Service was great'),
('Joe', '2014-01-18', 1, 4, 4, 4, 1, 'Best food ive ever had!'),
('Johnathan', '2015-01-01', 1, 5, 3, 4, 1, 'Staff were amazing'),
('Mike', '2010-02-21', 1, 2, 3, 1, 5, 'It was okay...'),
('Potate', '2011-10-27', 1, 2, 5, 4, 5, 'ehh'),
('Mark', '2012-06-14', 2, 1, 5, 2, 2, 'wouldnt go back'),
('Sue', '2013-09-03', 2, 5, 3, 5, 5, 'Great food'),
('Paulo', '2014-09-04', 2, 2, 2, 1, 1, 'I R8 8/8 M8, just joking it sucked'),
('Clyde', '2015-01-11', 2, 1, 1, 5, 5 ,'Better than MacDonalds'),
('Nancy', '2010-11-20', 2, 5, 3, 2, 1,'So much food'),
('Dave', '2011-03-19', 2, 5, 4, 2, 4, 'Was better the last time i was there'),
('Bob', '2012-03-04', 2, 1, 1, 5, 1, 'Would go back'),
('John', '2013-02-17', 2, 1, 1, 1, 4, 'Very Yummy'),
('Paul', '2014-07-22', 3, 4, 5, 5, 1, 'Much food, much wow'),
('Jane', '2015-08-03', 3, 4, 4, 1, 4, 'Much good, very food'),
('Ann', '2010-02-02', 3, 3, 4, 4, 5, 'I dont know what to say'),
('Joe', '2011-04-08', 3, 2, 1, 1, 1, 'generic comment'),
('Johnathan', '2012-05-27', 3, 1, 1, 5, 2, 'pizza was better than at most places'),
('Mike', '2013-04-05', 3, 1, 1, 2, 3, 'good for children'),
('Potate', '2014-01-02', 3, 2, 1, 1, 4, 'too expensive'),
('Mark', '2015-09-13', 3, 3, 2, 3, 4, 'very cheap'),
('Sue', '2010-08-17', 4, 2, 1, 2, 3, 'well priced'),
('Paulo', '2011-05-19', 4, 4, 3, 5, 3, 'good when stoned'),
('Clyde', '2012-03-09', 4, 3, 1, 2, 2, 'wish they delivered'),
('Nancy', '2013-03-07', 4, 1, 4, 1, 5, 'delivery was quick and affordable'),
('Dave', '2014-05-09', 4, 2, 1, 4, 1, 'You need to try the dessert'),
('Bob', '2015-01-29', 4, 2, 3, 1, 2, 'Best ice cream in town'),
('John', '2010-10-09', 4, 2, 1, 1, 1, 'Had Better'),
('Paul', '2011-05-05', 4, 2, 4, 5, 3, 'Great place for Datenight'),
('Jane', '2012-05-22', 5, 2, 5, 1, 2, 'I liked it, kids didnt'),
('Ann', '2013-06-22', 5, 5, 5, 1, 3, 'I would be embaressed to return'),
('Joe', '2014-06-23', 5, 1, 2, 3, 4, 'the waitress spileld coffe in my purse'),
('Johnathan', '2015-04-05', 5, 4, 4, 1, 1, 'felt skecthy'),
('Mike', '2010-01-24', 5, 1, 4, 2, 3,'bathroom was unclean'),
('Potate', '2011-01-18', 5, 2, 1, 1, 1, 'food was okay'),
('Mark', '2012-09-27', 5, 4, 5, 1, 5, 'WOW, just WOW'),
('Sue', '2013-08-08', 5, 1, 4, 5, 5, 'Best place ever'),
('Paulo', '2014-05-08', 6, 2, 5, 4, 4, 'always come here'),
('Clyde', '2015-01-17', 6, 2, 1, 5, 4, 'definately a go to place'),
('Nancy', '2010-02-14', 6, 4, 4, 2, 5, 'would return'),
('Dave', '2011-10-19', 6, 5, 1, 1, 3, 'valentines meal was great'),
('Bob', '2012-01-06', 6, 1, 5, 5, 5, 'burgers to saucy'),
('John', '2013-03-03', 6, 4, 2, 3, 5, 'so many frries'),
('Paul', '2014-09-26', 6, 3, 3, 4, 4, 'food was late but good'),
('Jane', '2015-02-17', 6, 4, 1, 1, 4 ,'rating'),
('Ann', '2010-03-21', 7, 5, 4, 1, 5, 'Great'),
('Joe', '2011-01-17', 7, 1, 5, 4, 1, 'Amazing'),
('Johnathan', '2012-09-01', 7, 5, 3, 2, 1, 'okay'),
('Mike', '2013-11-22', 7, 2, 5, 2, 3, 'great place to watch the game'),
('Potate', '2014-07-14', 7, 1, 3, 4, 5, 'Woo SALAD!'),
('Mark', '2015-06-24', 7, 3, 5, 2, 5 ,'Complain to mangement and you get a free meal'),
('Sue', '2010-03-02', 7, 4, 3, 3, 1, 'so many good things to say'),
('Paulo', '2011-08-11', 7, 3, 1, 5, 3, 'too lazy to rate'),
('Clyde', '2012-04-28', 8, 1, 5, 2, 1, 'great'),
('Nancy', '2013-03-11', 8, 1, 1, 2, 4, 'terrible'),
('Dave', '2014-07-27', 8, 2, 1, 3, 2, 'bad food'),
('Bob', '2015-01-16', 8, 1, 5, 4, 1, 'what happened to this place'),
('John', '2010-01-14', 8, 2, 4, 1, 4, 'was much better last time'),
('Paul', '2011-02-26', 8, 1, 3, 5, 2,'wouldnt go back'),
('Jane', '2012-01-01', 8, 5, 4, 3, 1,'been coming here for years'),
('Ann', '2013-02-16', 8, 1, 3, 3, 2, 'best place in town'),
('Joe', '2014-05-23', 9, 5, 1, 1, 1, 'worst place in town'),
('Johnathan', '2015-10-28', 9, 1, 4, 5, 2,'terrible atmosphere'),
('Mike', '2010-08-02', 9, 3, 3, 3, 1,'rude employees'),
('Potate', '2011-07-06', 9, 4, 1, 4, 5,'hot waitresses'),
('Mark', '2012-06-01', 9, 1, 2, 2, 1,'wow, thats bad'),
('Sue', '2013-10-27', 9, 5, 3, 5, 5,'are you sure this isnt hooters'),
('Paulo', '2014-06-01', 9, 3, 3, 4, 2, 'where did all my money go'),
('Clyde', '2015-02-14', 9, 2, 4, 1, 1, 'never again'),
('Nancy', '2010-05-25', 10, 1, 4, 1, 5, 'okay'),
('Dave', '2011-02-06', 10, 5, 1, 1, 3, 'too much food'),
('Bob', '2012-10-17', 10, 3, 5, 3, 4, 'american portions'),
('John', '2013-01-16', 10, 4, 4, 1, 2, 'wings were good'),
('Paul', '2014-04-13', 10, 2, 4, 4, 1, 'good for children'),
('Jane', '2015-06-03', 10, 3, 3, 5, 3, 'is this a strip club?'),
('Ann', '2010-07-23', 10, 5, 3, 1, 4, 'do they actually serve food here?'),
('Joe', '2011-10-20', 10, 2, 3, 3, 4, 'pretty good'),
('Johnathan', '2012-11-15', 11, 4, 2, 1, 5, 'decent'),
('Mike', '2013-04-11', 11, 4, 3, 3, 4, 'i sexually identify as an attack helicopter, i dream of flying over the countryside and dropping hot loads on foreigners. Next week i am getting rotterblades surgically implanted'),
('Potate', '2014-04-11', 11, 2, 5, 5, 3, 'much potato, much wow'),
('Mark', '2015-10-07', 11, 5, 2, 4, 1, 'bad gains'),
('Sue', '2010-10-12', 11, 4, 4, 4, 2, 'great gains'),
('Paulo', '2011-10-23', 11, 3, 1, 3, 1, 'feel guilty for eating here'),
('Clyde', '2012-05-19', 11, 4, 3, 5, 5, 'gonna need to workout after coming here'),
('Nancy', '2013-04-14', 11, 4, 1, 4, 1, 'i think the food gave me diabetes'),
('Dave', '2014-09-06', 12, 4, 4, 3, 3, 'can someone say, YUM!'),
('Bob', '2015-04-10', 12, 1, 3, 5, 3, 'had better, had worse, pretty okay'),
('John', '2010-05-02', 12, 4, 1, 1, 1, 'can someone say salmanela'),
('Paul', '2011-07-17', 12, 3, 1, 4, 1, 'mmmmmmmm'),
('Jane', '2012-05-08', 12, 2, 4, 1, 5, 'much likes'),
('Ann', '2013-06-10', 12, 3, 2, 1, 4, 'yummy noms'),
('Joe', '2014-01-08', 12, 1, 2, 3, 1, 'okay noms'),
('Johnathan', '2015-05-10', 12, 5, 5, 1, 5, 'BEST PLACE EVER!');



